{
    "core": {
        "serial_num": "207F369F424D",
        "widget": true
    },
    "user": {
        "channels": {
            "0": "АЦП 0 К 0",
            "1": "АЦП 0 К 1",
            "2": "АЦП 0 К 2",
            "3": "АЦП 0 К 3",
            "4": "АЦП 0 К 4",
            "5": "АЦП 0 К 5",
            "6": "АЦП 0 К 6",
            "7": "АЦП 0 К 7",
            "8": "АЦП 0 К 8",
            "9": "АЦП 0 К 9",
            "10": "АЦП 0 К 10",
            "11": "АЦП 0 К 11",
            "12": "АЦП 0 К 12",
            "13": "АЦП 0 К 13",
            "14": "АЦП 0 К 14",
            "15": "АЦП 0 К 15",
            "16": "АЦП 1 К 0",
            "17": "АЦП 1 К 1",
            "18": "АЦП 1 К 2",
            "19": "АЦП 1 К 3",
            "20": "АЦП 1 К 4",
            "21": "АЦП 1 К 5",
            "22": "АЦП 1 К 6",
            "23": "АЦП 1 К 7",
            "24": "АЦП 1 К 8",
            "25": "АЦП 1 К 9",
            "26": "АЦП 1 К 10",
            "27": "АЦП 1 К 11",
            "28": "АЦП 1 К 12",
            "29": "АЦП 1 К 13",
            "30": "АЦП 1 К 14",
            "31": "АЦП 1 К 15"
        }
    }
}